{
  "name":"曲红强",
  "sex":"男",
  "birthday":"1994-01-01",
  "workSince":"2016-06",
  "exp":["毕业","年工作","年"],
  "nickname":"曲红强",
  "firstName":"Qu",
  "lastName":"hongqiang",
  "slogan":"星辰大海需要门票，诗和远方路费很贵。",
  "tips":"Ctrl+p可以打印本简历，打印时显示真名",
  "education":"专科",
  "phone":18410703493,
  "location":"Beijing·China",
  "qq":{
    "number":"1256618908"
  },
  "website":"https://quhongqiang.com/",
  "github":"https://github.com/quhongqiang",
  "email":"18410703493@163.com",
  "intro":{
    "content":[
      "5年+的一线城市前端研发经验。了解主流框架的一些特性。",
      "有个人网站。熟悉前端项目构建，有过基于 react 和 vue 的产品开发经验，以及微信小程序和微信公众号开发经验。",
      "了解 H5 和客户端交互，并能配合客户端解决遇到的的兼容问题。",
      "喜欢看一些开源的项目，倒腾一些小功能,对后端有着浓厚的兴趣 web应用开发经验。有着浓厚的对产品设计的兴趣和对良好用户体验的精益求精精神。"
    ],
    "technology":{
      "title":"技术栈和工具：",
      "content":[
        "scss","bootstrap","vue","gulp","node.js","angular","express","mongodb","webpack","ionic","photoshop"
      ]
    }
  },
  "experience":[
    {
      "time":"2020.03-至今",
      "title":"北京象往科技有限公司",
      "intro":"前端开发工程师",
      "description":"就职于北京象往科技有限公司（原名北京好孕妈妈科技有限公司），加入了好孕大家庭，使用主流框架之一的Vue开发公司项目，工作之余写一些博客，看一些大佬的开源项目，加入各种前端群,帮助前端萌新解决一些小问题,吸收着新鲜姿知识的同时，自身也在成长着。",
      "tips":[
        {
          "title":"主要业绩：",
          "content":[
            "完成公司后台管理系统（saas）",
            "参与管理平台以及企业端的开发",
            "参与小程序的开发（使用原生小程序、taro、uni-app）",
            "负责开发公司官网、中城德汇的官网",
            "微信公众号的开发",
            "以及公司各种落地页",
            "参与单页面生成项目",
            "配合APP的同学开发业务",
            "微前端等等"
          ]
        }
      ],
      "technology":[
        {
          "title":"技术栈：",
          "content":[
            "react","vue","less","webpack","bootstrap","taro","uni-app"
          ]
        }
      ]
    },
    {
      "time":"2018.04-2020.03",
      "title":"广州悦途网络科技股份有限公司",
      "intro":"前端开发工程师",
      "description":"就职于悦途出行，加入了悦途大家庭，使用主流框架之一的react开发公司项目，工作之余写一些博客，看一些大佬的开源项目，加入各种前端群,帮助前端萌新解决一些小问题。",
      "tips":[
        {
          "title":"主要业绩：",
          "content":[
            "完成公司后台管理系统的接待端以及微信公众号的研发",
            "参与管理平台以及企业端的开发",
            "参与基于react-native开发的接待端App（内部人员使用）",
            "负责开发公司官网",
            "悦途出行小程序"
          ]
        }
      ],
      "technology":[
        {
          "title":"技术栈：",
          "content":[
            "react","vue","less","webpack","bootstrap","react-native", "小程序"
          ]
        }
      ]
    },
    {
      "time":"2016.8-2018.03",
      "title":"河南嘟嘟计算机科技有限公司",
      "intro":"前端开发工程师",
      "description":"总公司在河南，在北京分公司任职。期间，大部分精力都用于钻研和探索前端的工程化。代码从css转到less，从less转到scss。研发公司的后端管理系统，官网以及其他合作公司分发过来的各种活动页面，使用了前端框架如: vuejs等。学习了react的框架,自己鼓捣一些小的项目练手。",
      "tips":[
        {
          "title":"主要业绩：",
          "content":[
            "负责公司官网的pc端和移动端。子公司的官网（PC端、移动端）。",
            "公司后台管理系统的开发，配合其他的小伙伴完成开发。",
            "完成子公司和合作商提出的多种活动页面。",
            "利用工作之余探索并学习了前端框架 react。"
          ]
        }
      ],
      "technology":[
        {
          "title":"技术栈：",
          "content":[
            "Vue","scss","bootstrap","webpack", "react"
          ]
        }
      ]
    }
  ],
  "skill":[
    {
      "name":"HTML5",
      "percent":"85%"
    },
    {
      "name":"Css",
      "percent":"80%"
    },
    {
      "name":"JavaScript",
      "percent":"80%"
    },
    {
      "name":"Vue",
      "percent":"75%"
    },
    {
      "name":"React",
      "percent":"75%"
    },
    {
      "name":"PhotoShop",
      "percent":"60%"
    }
  ],
  "project":[
    {
      "title":"蜂蓝直聘小程序",
      "intro":"小程序",
      "description":"月嫂了不起小程序是给从事母婴行业的母婴护理师、育婴师提供接单和学习专业知识的平台。服务类目有家政、在线教育、婴幼儿教育、在线视频等，日访问量 1K+",
      "tips":[
        {
          "title":"实现的主要功能：",
          "content":[
            "高度还原设计图",
            "首页接单",
            "学习",
            "工作台",
            "我的课程",
            "简历详情等"
          ]
        }
      ],
      "technology":[
        {
          "title":"技术栈：",
          "content":[
            "Vue","uni-app", "vant", "axios", "sass", "js-md5", "flyio", "core-js","webpack"
          ]
        }
      ]
    },
    {
      "title":"小象管家服务平台（小程序）",
      "intro":"小象管家",
      "description":"小象管家是高品质的保姆育儿服务平台，阿姨均符合6大维度严选标准。我们始终坚持让家庭生活更美好，提升中国现代家庭生活品质。",
      "tips":[
        {
          "title":"实现的主要功能：",
          "content":[
            "定位",
            "订单、首页、",
            "ocr识别",
            "小程序地图"
          ]
        }
      ],
      "technology":[
        {
          "title":"技术栈：",
          "content":[
            "Vue","sass", "vuex", "uni-app","webpack"
          ]
        }
      ]
    },
    {
      "title":"hymm_land",
      "intro":"公司后台管理系统。",
      "description":"公司主要后台管理系统，功能模块有、商品、订单、履约、教务、运营、财务、审批、会员等等",
      "tips":[
        {
          "title":"实现的主要功能：",
          "content":[
            "参与开发了订单、运营、教务、财务、审批等模块",
            "会员里的IM，涉及到在线聊天，引入的腾讯的IM sdk，集成",
            "履约，上下户，签订合同等"
          ]
        }
      ],
      "technology":[
        {
          "title":"技术栈：",
          "content":[
            "Vue","webpack","vuex", "axios",  "md5", "element-ui", "ali-oss","tim-js-sdk"
          ]
        }
      ]
    },
    {
      "title":"月嫂优选（小程序）",
      "intro":"小程序",
      "description":"介绍各种月嫂，育儿嫂，保姆的一个平台",
      "tips":[
        {
          "title":"实现的主要功能：",
          "content":[
            "阿姨列表，城市定位",
            "在线选阿姨",
            "线上面试，预约通知等"
          ]
        }
      ],
      "technology":[
        {
          "title":"技术栈：",
          "content":[
            "Vue","webpack","lodash","uni-app", "taro", "axios", "vuex", "vue-router"
          ]
        }
      ]
    },
    {
      "title":"商旅邦接送站",
      "intro":"一个极速约车服务",
      "description":"极速约车服务，专车接送，随叫随到，是一款线上约车平台，平台对接各大约车服务提供商，如神州、滴滴等",
      "tips":[
        {
          "title":"实现的主要功能：",
          "content":[
            "高德地图，定位",
            "获取附近车辆",
            "绘制地图路线",
            "发票管理",
            "行程记录"
          ]
        }
      ],
      "technology":[
        {
          "title":"技术栈：",
          "content":[
            "Vue","vant","vuex","Amap", "axios", "webpack","vue-router"
          ]
        }
      ]
    }
  ],
  "usually":[
    {
      "name":"GitHub",
      "link":"https://github.com/quhongqiang",
      "description":"分享一些我的小作品 结交志同道合的朋友,共同学习共同进步"
    },
    {
      "name":"知乎",
      "link":"https://www.zhihu.com/people/qu-hong-qiang-56/activities",
      "description":"探索新奇 关注互联网用户的关注热点"
    },
    {
      "name":"人人都是产品经理",
      "link":"http://www.woshipm.com",
      "description":"学习产品思路 锻炼良好用户体验的思维模式"
    },
    {
      "name":"MDN",
      "link":"https://developer.mozilla.org",
      "description":"查阅一些技术文档"
    },
    {
      "name":"掘金",
      "link":"https://juejin.im/user/5c47d0856fb9a049af6d989b",
      "description":"分享快乐，学习知识"
    },
    {
      "name":"CSDN",
      "link":"https://blog.csdn.net/quhongqiang",
      "description":"所见所识"
    },
    {
      "name":"个人博客",
      "link":"https://quhongqiang.com/",
      "description":"个人博客，写一些自己学到的、看到的。分享给更多人。"
    },
    {
      "name":"微信公众号",
      "description":"个人公众号微信搜一搜 前端追寻者"
    }
  ]
}
